GEO;LOC;DA;EJAFUNG1;EJAFUNG2;EJAFUNG3;EJAFUNG4;EJAFUNG5;EJAMED1;EJAMED2;EJAMED3;EJAMED4;EJAMED5
Brasil;Total;Total;27,0;0,5;44,6;2,4;25,5;56,1;1,1;36,1;3,1;3,6
Brasil;Urbana;Total;35,5;0,7;47,9;2,7;13,2;57,9;1,2;35,1;3,1;2,7
Brasil;Rural;Total;10,0;0,1;38,1;1,8;50,0;38,4;0,6;46,0;3,6;11,4
Brasil;Total;Federal;68,9;6,0;17,5;5,5;2,1;83,3;6,7;6,4;2,9;0,7
Brasil;Urbana;Federal;68,9;6,0;17,5;5,5;2,1;83,2;6,8;6,3;3,0;0,7
Brasil;Rural;Federal;34,0;0,4;47,9;2,1;7,8;83,7;6,4;6,6;2,3;1,0
Brasil;Total;Estadual;50,3;0,9;40,4;3,0;5,4;56,9;1,0;35,5;3,1;3,5
Brasil;Urbana;Estadual;54,2;1,0;39,1;3,0;2,7;59,0;1,0;34,3;3,1;2,6
Brasil;Rural;Estadual;31,8;0,5;46,5;3,0;18,2;38,1;0,5;46,5;3,4;11,5
Brasil;Total;Municipal;21,5;0,3;43,9;2,2;32,1;42,8;0,9;51,8;2,2;2,3
Brasil;Urbana;Municipal;30,9;0,5;48,5;2,6;17,5;43,6;0,8;51,8;2,1;1,7
Brasil;Rural;Municipal;7,7;0,1;37,2;1,6;53,4;28,8;1,6;50,3;2,5;16,8
Brasil;Total;Privada;27,2;1,2;61,0;2,7;7,9;45,9;2,0;43,7;3,4;5,0
Brasil;Urbana;Privada;27,2;1,2;61,1;2,7;7,8;46,2;2,1;43,7;3,2;4,8
Brasil;Rural;Privada;29,6;0,0;53,7;1,8;14,9;31,3;0,0;44,5;11,2;13,0
Brasil;Total;Pública;27,0;0,4;43,2;2,4;27,0;57,0;1,0;35,4;3,1;3,5
Brasil;Urbana;Pública;36,7;0,6;46,1;2,7;13,9;59,0;1,1;34,3;3,0;2,6
Brasil;Rural;Pública;9,9;0,1;38,0;1,8;50,2;38,6;0,6;46,0;3,4;11,4
Norte;Total;Total;29,8;0,3;47,5;3,5;18,9;59,2;0,7;34,2;3,3;2,6
Norte;Urbana;Total;41,2;0,4;49,1;4,2;5,1;63,1;0,7;31,6;2,9;1,7
Norte;Rural;Total;15,8;0,2;45,6;2,7;35,7;36,6;0,4;48,8;5,1;9,1
Norte;Total;Federal;34,0;0,4;47,9;2,1;7,8;85,3;7,8;5,7;0,8;0,4
Norte;Urbana;Federal;34,0;0,4;47,9;2,1;7,8;86,7;7,7;4,3;0,8;0,5
Norte;Rural;Federal;34,0;0,4;47,9;2,1;7,8;41,7;8,3;50,0;0,0;0,0
Norte;Total;Estadual;47,2;0,6;42,9;4,4;4,9;60,9;0,6;33,2;3,2;2,1
Norte;Urbana;Estadual;52,7;0,7;41,0;4,0;1,6;65,3;0,6;30,2;3,0;0,9
Norte;Rural;Estadual;29,9;0,4;48,8;5,8;15,1;37,1;0,4;49,3;4,7;8,5
Norte;Total;Municipal;26,8;0,2;47,4;3,2;22,4;29,9;0,0;40,2;11,0;18,9
Norte;Urbana;Municipal;41,6;0,4;50,0;4,2;3,8;23,8;0,0;53,6;11,9;10,7
Norte;Rural;Municipal;14,1;0,1;45,2;2,3;38,3;41,9;0,0;14,0;9,3;34,8
Norte;Total;Privada;15,8;0,1;60,7;4,9;18,5;44,8;0,7;43,8;3,5;7,2
Norte;Urbana;Privada;15,2;0,1;61,6;5,1;18,0;46,4;0,8;43,6;2,8;6,4
Norte;Rural;Privada;23,2;0,0;49,1;2,1;25,6;29,5;0,0;45,7;10,5;14,3
Norte;Total;Pública;30,9;0,3;46,5;3,4;18,9;61,1;0,7;32,9;3,2;2,1
Norte;Urbana;Pública;44,8;0,5;47,4;4,1;3,2;65,4;0,7;30,0;3,0;0,9
Norte;Rural;Pública;15,7;0,2;45,6;2,7;35,8;37,2;0,4;49,0;4,7;8,7
Nordeste;Total;Total;15,9;0,2;42,7;2,2;39,0;50,0;0,8;41,7;3,1;4,4
Nordeste;Urbana;Total;24,0;0,4;48,8;2,7;24,1;51,6;0,8;40,9;3,1;3,6
Nordeste;Rural;Total;6,5;0,1;35,7;1,6;56,1;37,2;0,7;48,2;3,2;10,7
Nordeste;Total;Federal;100,0;0,0;0,0;0,0;0,0;84,5;5,1;6,8;2,2;1,4
Nordeste;Urbana;Federal;100,0;0,0;0,0;0,0;0,0;84,0;4,9;7,3;2,3;1,5
Nordeste;Rural;Federal;34,0;0,4;47,9;2,1;7,8;86,2;5,7;4,9;1,8;1,4
Nordeste;Total;Estadual;40,8;0,7;47,1;3,1;8,3;50,3;0,7;41,5;3,1;4,4
Nordeste;Urbana;Estadual;45,2;0,7;47,7;3,1;3,3;52,0;0,8;40,6;3,1;3,5
Nordeste;Rural;Estadual;22,8;0,3;44,5;3,2;29,2;36,5;0,5;49,0;3,2;10,8
Nordeste;Total;Municipal;13,0;0,2;42,0;2,1;42,7;35,5;0,5;55,3;4,0;4,7
Nordeste;Urbana;Municipal;20,2;0,3;48,6;2,6;28,3;36,8;0,3;55,2;4,2;3,5
Nordeste;Rural;Municipal;5,8;0,1;35,3;1,5;57,3;23,3;2,2;55,9;1,8;16,8
Nordeste;Total;Privada;21,8;0,3;64,2;2,1;11,6;37,7;1,0;50,2;3,4;7,7
Nordeste;Urbana;Privada;21,9;0,3;64,1;2,1;11,6;37,7;1,0;50,2;3,4;7,7
Nordeste;Rural;Privada;14,8;0,0;74,1;0,0;11,1;54,45;0,8;36,0;2,3;2,2
Nordeste;Total;Pública;15,8;0,2;42,5;2,2;39,3;50,3;0,8;41,4;3,1;4,4
Nordeste;Urbana;Pública;24,0;0,4;48,5;2,7;24,4;52,0;0,8;40,6;3,1;3,5
Nordeste;Rural;Pública;6,5;0,1;35,6;1,6;56,2;37,2;0,7;48,2;3,2;10,7
Sudeste;Total;Total;48,9;0,9;43,2;2,5;4,5;61,3;1,2;31,3;3,3;2,9
Sudeste;Urbana;Total;49,4;0,9;43,0;2,6;4,1;62,1;1,3;30,8;3,4;2,4
Sudeste;Rural;Total;43,2;0,9;45,3;1,3;9,3;48,8;0,5;39,4;3,0;8,3
Sudeste;Total;Federal;62,1;5,7;16,1;11,5;4,6;82,5;5,3;7,1;4,9;0,2
Sudeste;Urbana;Federal;62,1;5,7;16,1;11,5;4,6;82,5;5,3;7,1;4,9;0,2
Sudeste;Rural;Federal;34,0;0,4;47,9;2,1;7,8;54,45;0,8;36,0;2,3;2,2
Sudeste;Total;Estadual;55,8;1,1;36,0;3,3;3,8;62,0;1,2;30,6;3,5;2,7
Sudeste;Urbana;Estadual;58,2;1,2;34,3;3,7;2,6;62,9;1,2;30,0;3,5;2,4
Sudeste;Rural;Estadual;44,7;0,8;44,2;1,4;8,9;48,8;0,5;39,3;3,0;8,4
Sudeste;Total;Municipal;47,0;0,8;45,6;2,1;4,5;49,0;1,2;49,0;0,7;0,1
Sudeste;Urbana;Municipal;47,3;0,8;45,5;2,1;4,3;49,0;1,2;49,0;0,7;0,1
Sudeste;Rural;Municipal;39,5;1,2;48,5;1,2;9,6;54,45;0,8;36,0;2,3;2,2
Sudeste;Total;Privada;37,7;1,0;50,4;2,9;8,0;50,4;1,7;39,4;1,9;6,6
Sudeste;Urbana;Privada;37,5;1,0;50,6;3,0;7,9;50,5;1,7;39,3;1,9;6,6
Sudeste;Rural;Privada;47,2;0,0;39,6;0,9;12,3;46,1;0,0;44,7;1,3;7,9
Sudeste;Total;Pública;49,8;0,9;42,6;2,5;4,2;61,9;1,2;30,9;3,4;2,6
Sudeste;Urbana;Pública;50,4;0,9;42,3;2,6;3,8;62,7;1,3;30,4;3,4;2,2
Sudeste;Rural;Pública;43,2;0,9;45,4;1,3;9,2;48,8;0,5;39,3;3,0;8,4
Sul;Total;Total;44,5;1,1;48,2;2,3;3,9;64,8;1,6;27,7;2,8;3,1
Sul;Urbana;Total;44,7;1,2;48,0;2,4;3,7;65,4;1,6;27,5;2,6;2,9
Sul;Rural;Total;39,5;0,3;51,5;1,7;7,0;43,1;0,7;33,6;10,1;12,5
Sul;Total;Federal;74,5;6,4;19,1;0,0;0,0;86,0;5,3;5,8;2,6;0,3
Sul;Urbana;Federal;74,5;6,4;19,1;0,0;0,0;86,4;5,4;5,6;2,3;0,3
Sul;Rural;Federal;34,0;0,4;47,9;2,1;7,8;82,8;4,7;7,8;4,7;0,0
Sul;Total;Estadual;70,1;0,7;23,5;1,9;3,8;70,1;0,7;23,5;2,2;3,5
Sul;Urbana;Estadual;72,1;0,8;22,0;1,8;3,3;71,2;0,7;23,1;1,9;3,1
Sul;Rural;Estadual;44,9;0,0;43,0;3,0;9,1;40,3;0,4;35,0;9,7;14,6
Sul;Total;Municipal;42,6;0,8;52,0;2,3;2,3;59,8;1,6;36,2;1,0;1,4
Sul;Urbana;Municipal;42,9;0,8;51,7;2,4;2,2;62,1;1,8;33,4;1,2;1,5
Sul;Rural;Municipal;36,4;1,0;58,6;0,0;4,0;43,5;0,0;56,5;0,0;0,0
Sul;Total;Privada;29,8;1,7;60,6;2,7;5,2;50,7;3,5;38,8;4,3;2,7
Sul;Urbana;Privada;29,8;1,7;60,6;2,7;5,2;50,8;3,5;38,8;4,2;2,7
Sul;Rural;Privada;31,3;0,0;59,9;2,0;6,8;0,0;0,0;0,0;100,0;0,0
Sul;Total;Pública;54,7;0,8;39,5;2,1;2,9;70,3;0,8;23,3;2,2;3,4
Sul;Urbana;Pública;55,5;0,8;38,9;2,1;2,7;71,4;0,8;22,9;1,9;3,0
Sul;Rural;Pública;41,2;0,4;49,7;1,7;7,0;43,7;0,7;34,1;8,8;12,7
Centro-Oeste;Total;Total;34,4;1,1;58,0;1,7;4,8;50,2;2,5;40,9;2,2;4,2
Centro-Oeste;Urbana;Total;35,9;1,1;58,1;1,6;3,3;53,8;2,7;40,1;2,3;1,1
Centro-Oeste;Rural;Total;20,6;0,8;56,9;2,4;19,3;24,3;1,3;46,9;1,5;26,0
Centro-Oeste;Total;Federal;34,0;0,4;47,9;2,1;7,8;78,3;13,1;5,3;2,9;0,4
Centro-Oeste;Urbana;Federal;34,0;0,4;47,9;2,1;7,8;78,3;13,0;5,5;2,9;0,3
Centro-Oeste;Rural;Federal;34,0;0,4;47,9;2,1;7,8;79,4;14,7;2,9;3,0;0,0
Centro-Oeste;Total;Estadual;41,0;1,6;51,6;1,8;4,0;52,1;2,3;38,8;2,1;4,7
Centro-Oeste;Urbana;Estadual;44,3;1,7;50,5;1,7;1,8;56,9;2,6;37,3;2,2;1,0
Centro-Oeste;Rural;Estadual;23,4;1,0;57,6;2,1;15,9;23,6;1,1;47,5;1,4;26,4
Centro-Oeste;Total;Municipal;37,3;0,7;56,3;2,3;3,4;26,2;0,9;72,4;0,0;0,5
Centro-Oeste;Urbana;Municipal;39,4;0,8;56,4;2,2;1,2;26,2;0,9;72,4;0,0;0,5
Centro-Oeste;Rural;Municipal;12,5;0,0;54,6;3,2;29,7;54,45;0,8;36,0;2,3;2,2
Centro-Oeste;Total;Privada;16,9;0,6;73,3;0,7;8,5;34,2;1,5;59,0;3,1;2,2
Centro-Oeste;Urbana;Privada;16,9;0,6;73,3;0,7;8,5;34,2;1,5;59,0;3,1;2,2
Centro-Oeste;Rural;Privada;34,0;0,4;47,9;2,1;7,8;54,45;0,8;36,0;2,3;2,2
Centro-Oeste;Total;Pública;39,5;1,3;53,5;2,0;3,7;52,5;2,7;38,3;2,1;4,4
Centro-Oeste;Urbana;Pública;42,2;1,3;53,0;2,0;1,5;57,0;2,9;36,9;2,2;1,0
Centro-Oeste;Rural;Pública;20,6;0,8;56,9;2,4;19,3;24,3;1,3;46,9;1,5;26,0
Rondônia;Total;Total;35,1;0,5;61,4;1,1;1,9;54,2;0,6;42,4;2,2;0,6
Rondônia;Urbana;Total;35,7;0,5;61,1;1,2;1,5;54,1;0,6;42,5;2,2;0,6
Rondônia;Rural;Total;27,7;0,0;64,7;0,0;7,6;66,7;0,0;33,3;0,0;0,0
Rondônia;Total;Federal;34,0;0,4;47,9;2,1;7,8;93,3;0,0;0,0;0,0;6,7
Rondônia;Urbana;Federal;34,0;0,4;47,9;2,1;7,8;93,3;0,0;0,0;0,0;6,7
Rondônia;Rural;Federal;34,0;0,4;47,9;2,1;7,8;54,45;0,8;36,0;2,3;2,2
Rondônia;Total;Estadual;43,5;0,6;51,9;1,5;2,5;54,3;0,6;42,3;2,1;0,7
Rondônia;Urbana;Estadual;45,9;0,7;50,0;1,7;1,7;54,1;0,6;42,4;2,2;0,7
Rondônia;Rural;Estadual;21,1;0,0;69,0;0,0;9,9;66,7;0,0;33,3;0,0;0,0
Rondônia;Total;Municipal;29,8;0,5;68,8;0,2;0,7;33,3;0,0;66,7;0,0;0,0
Rondônia;Urbana;Municipal;28,2;0,5;70,2;0,2;0,9;33,3;0,0;66,7;0,0;0,0
Rondônia;Rural;Municipal;49,2;0,0;50,8;0,0;0,0;54,45;0,8;36,0;2,3;2,2
Rondônia;Total;Privada;11,5;0,0;85,8;1,0;1,7;13,3;0,0;80,0;6,7;0,0
Rondônia;Urbana;Privada;11,5;0,0;85,8;1,0;1,7;13,3;0,0;80,0;6,7;0,0
Rondônia;Rural;Privada;34,0;0,4;47,9;2,1;7,8;54,45;0,8;36,0;2,3;2,2
Rondônia;Total;Pública;39,6;0,6;56,7;1,1;2,0;54,4;0,6;42,2;2,1;0,7
Rondônia;Urbana;Pública;40,7;0,6;55,9;1,3;1,5;54,2;0,6;42,3;2,2;0,7
Rondônia;Rural;Pública;27,7;0,0;64,7;0,0;7,6;66,7;0,0;33,3;0,0;0,0
Acre;Total;Total;13,4;0,3;55,8;1,8;28,7;31,4;0,3;64,1;0,6;3,6
Acre;Urbana;Total;24,6;0,6;68,6;2,7;3,5;37,7;0,4;59,2;0,8;1,9
Acre;Rural;Total;3,9;0,1;45,0;1,1;49,9;12,5;0,0;79,0;0,0;8,5
Acre;Total;Federal;34,0;0,4;47,9;2,1;7,8;54,45;0,8;36,0;2,3;2,2
Acre;Urbana;Federal;34,0;0,4;47,9;2,1;7,8;54,45;0,8;36,0;2,3;2,2
Acre;Rural;Federal;34,0;0,4;47,9;2,1;7,8;54,45;0,8;36,0;2,3;2,2
Acre;Total;Estadual;24,2;0,5;64,8;2,3;8,2;31,1;0,3;64,3;0,6;3,7
Acre;Urbana;Estadual;33,4;0,6;61,5;2,4;2,1;37,6;0,4;59,1;0,8;2,1
Acre;Rural;Estadual;9,5;0,4;69,9;2,1;18,1;12,5;0,0;79,0;0,0;8,5
Acre;Total;Municipal;2,8;0,2;46,6;1,1;49,3;54,45;0,8;36,0;2,3;2,2
Acre;Urbana;Municipal;7,8;0,6;85,3;2,5;3,8;54,45;0,8;36,0;2,3;2,2
Acre;Rural;Municipal;0,9;0,0;31,5;0,6;67,0;54,45;0,8;36,0;2,3;2,2
Acre;Total;Privada;7,2;0,0;61,4;7,2;24,2;38,7;0,0;61,3;0,0;0,0
Acre;Urbana;Privada;7,2;0,0;61,4;7,2;24,2;38,7;0,0;61,3;0,0;0,0
Acre;Total;Pública;13,5;0,3;55,7;1,7;28,8;31,1;0,3;64,3;0,6;3,7
Acre;Urbana;Pública;25,4;0,6;69,0;2,4;2,6;37,6;0,4;59,1;0,8;2,1
Acre;Rural;Pública;3,9;0,1;45,0;1,1;49,9;12,5;0,0;79,0;0,0;8,5
Amazonas;Total;Total;18,6;0,1;49,0;6,8;25,5;49,4;0,2;41,7;8,0;0,7
Amazonas;Urbana;Total;29,7;0,1;56,4;10,0;3,8;52,8;0,2;39,2;7,4;0,4
Amazonas;Rural;Total;6,3;0,1;40,8;3,3;49,5;13,9;0,0;67,4;14,3;4,4
Amazonas;Total;Federal;34,0;0,4;47,9;2,1;7,8;88,6;5,1;4,4;1,9;0,0
Amazonas;Urbana;Federal;34,0;0,4;47,9;2,1;7,8;88,6;5,1;4,4;1,9;0,0
Amazonas;Rural;Federal;34,0;0,4;47,9;2,1;7,8;54,45;0,8;36,0;2,3;2,2
Amazonas;Total;Estadual;31,6;0,0;53,3;13,6;1,5;48,9;0,1;42,4;8,3;0,3
Amazonas;Urbana;Estadual;32,6;0,0;53,6;12,2;1,6;52,3;0,1;39,8;7,7;0,1
Amazonas;Rural;Estadual;12,8;0,0;46,2;38,5;2,5;14,3;0,0;69,1;14,2;2,4
Amazonas;Total;Municipal;16,7;0,1;47,6;6,0;29,6;5,6;0,0;42,3;18,3;33,8
Amazonas;Urbana;Municipal;29,7;0,2;56,4;9,8;3,9;8,3;0,0;54,2;18,8;18,7
Amazonas;Rural;Municipal;6,1;0,1;40,4;2,9;50,5;0,0;0,0;17,4;17,4;65,2
Amazonas;Total;Privada;17,0;0,0;72,3;1,5;9,2;53,6;0,0;41,5;0,0;4,9
Amazonas;Urbana;Privada;16,9;0,0;70,7;1,8;10,6;53,6;0,0;41,5;0,0;4,9
Amazonas;Rural;Privada;18,1;0,0;81,9;0,0;0,0;54,45;0,8;36,0;2,3;2,2
Amazonas;Total;Pública;18,7;0,1;48,3;7,0;25,9;49,3;0,2;41,7;8,2;0,6
Amazonas;Urbana;Pública;30,4;0,1;55,7;10,4;3,4;52,7;0,2;39,1;7,6;0,4
Amazonas;Rural;Pública;6,2;0,1;40,5;3,3;49,9;13,9;0,0;67,4;14,3;4,4
Roraima;Total;Total;42,9;0,2;49,5;2,5;4,9;56,7;0,1;30,6;5,0;7,6
Roraima;Urbana;Total;47,4;0,0;49,7;1,2;1,7;67,9;0,1;26,9;2,6;2,5
Roraima;Rural;Total;36,1;0,6;49,3;4,4;9,6;37,6;0,2;37,1;9,1;16,0
Roraima;Total;Federal;34,0;0,4;47,9;2,1;7,8;78,6;7,1;14,3;0,0;0,0
Roraima;Urbana;Federal;34,0;0,4;47,9;2,1;7,8;78,6;7,1;14,3;0,0;0,0
Roraima;Rural;Federal;34,0;0,4;47,9;2,1;7,8;54,45;0,8;36,0;2,3;2,2
Roraima;Total;Estadual;58,0;0,4;34,2;2,2;5,2;57,3;0,1;30,3;4,7;7,6
Roraima;Urbana;Estadual;82,2;0,0;16,2;0,0;1,6;71,0;0,0;25,6;1,7;1,7
Roraima;Rural;Estadual;40,2;0,7;47,4;3,8;7,9;37,6;0,2;37,1;9,1;16,0
Roraima;Total;Municipal;16,2;0,0;78,9;1,4;3,5;54,45;0,8;36,0;2,3;2,2
Roraima;Urbana;Municipal;18,0;0,0;82,0;0,0;0,0;54,45;0,8;36,0;2,3;2,2
Roraima;Rural;Municipal;6,8;0,0;62,7;8,5;22,0;54,45;0,8;36,0;2,3;2,2
Roraima;Total;Privada;32,0;0,0;52,4;8,7;6,9;48,0;0,0;36,0;8,0;8,0
Roraima;Urbana;Privada;32,0;0,0;52,4;8,7;6,9;48,0;0,0;36,0;8,0;8,0
Roraima;Rural;Privada;34,0;0,4;47,9;2,1;7,8;54,45;0,8;36,0;2,3;2,2
Roraima;Total;Pública;43,9;0,3;49,2;1,9;4,7;57,5;0,1;30,1;4,7;7,6
Roraima;Urbana;Pública;50,0;0,0;49,2;0,0;0,8;71,1;0,1;25,4;1,7;1,7
Roraima;Rural;Pública;36,1;0,6;49,3;4,4;9,6;37,6;0,2;37,1;9,1;16,0
Pará;Total;Total;37,6;0,4;43,5;2,1;16,4;65,0;0,9;29,6;1,8;2,7
Pará;Urbana;Total;56,6;0,5;38,1;1,9;2,9;69,2;1,0;25,9;1,5;2,4
Pará;Rural;Total;20,6;0,2;48,3;2,3;28,6;43,3;0,6;48,0;3,4;4,7
Pará;Total;Federal;34,0;0,4;47,9;2,1;7,8;85,3;4,0;9,3;0,0;1,4
Pará;Urbana;Federal;34,0;0,4;47,9;2,1;7,8;93,7;3,2;1,6;0,0;1,5
Pará;Rural;Federal;34,0;0,4;47,9;2,1;7,8;41,7;8,3;50,0;0,0;0,0
Pará;Total;Estadual;70,5;1,0;26,0;1,9;0,6;70,1;0,9;26,1;1,4;1,5
Pará;Urbana;Estadual;72,8;0,9;24,6;1,4;0,3;75,5;1,0;21,3;1,1;1,1
Pará;Rural;Estadual;55,5;1,3;35,0;5,0;3,2;45,1;0,7;48,6;2,4;3,2
Pará;Total;Municipal;34,4;0,3;45,2;2,0;18,1;84,4;0,0;15,6;0,0;0,0
Pará;Urbana;Municipal;54,1;0,5;40,7;1,7;3,0;75,0;0,0;25,0;0,0;0,0
Pará;Rural;Municipal;19,6;0,2;48,7;2,2;29,3;90,0;0,0;10,0;0,0;0,0
Pará;Total;Privada;40,2;0,0;39,7;7,7;12,4;42,7;0,8;44,5;3,7;8,3
Pará;Urbana;Privada;40,4;0,0;40,6;9,5;9,5;44,4;0,9;44,4;2,9;7,4
Pará;Rural;Privada;39,2;0,0;35,8;0,0;25,0;29,5;0,0;45,7;10,5;14,3
Pará;Total;Pública;37,6;0,4;43,5;2,0;16,5;70,2;0,9;26,0;1,3;1,6
Pará;Urbana;Pública;57,2;0,6;38,0;1,7;2,5;75,5;1,0;21,2;1,1;1,2
Pará;Rural;Pública;20,4;0,2;48,4;2,3;28,7;45,4;0,7;48,3;2,3;3,3
Amapá;Total;Total;49,6;0,8;37,6;3,2;8,8;79,2;1,0;15,6;2,6;1,6
Amapá;Urbana;Total;55,4;1,0;37,5;1,8;4,3;82,9;1,2;12,4;1,9;1,6
Amapá;Rural;Total;35,9;0,2;37,9;6,5;19,5;55,1;0,0;36,1;7,2;1,6
Amapá;Total;Federal;34,0;0,4;47,9;2,1;7,8;100,0;0,0;0,0;0,0;0,0
Amapá;Urbana;Federal;34,0;0,4;47,9;2,1;7,8;100,0;0,0;0,0;0,0;0,0
Amapá;Total;Estadual;60,7;1,1;24,6;4,0;9,6;80,9;1,2;13,0;3,0;1,9
Amapá;Urbana;Estadual;75,7;1,8;16,5;1,5;4,5;85,6;1,4;8,8;2,3;1,9
Amapá;Rural;Estadual;39,2;0,2;36,2;7,6;16,8;55,1;0,0;36,1;7,2;1,6
Amapá;Total;Municipal;40,9;0,4;46,4;2,9;9,4;54,45;0,8;36,0;2,3;2,2
Amapá;Urbana;Municipal;44,9;0,5;47,0;2,8;4,8;54,45;0,8;36,0;2,3;2,2
Amapá;Rural;Municipal;24,8;0,0;43,9;3,1;28,2;54,45;0,8;36,0;2,3;2,2
Amapá;Total;Privada;18,0;0,0;79,4;0,0;2,6;65,1;0,0;34,9;0,0;0,0
Amapá;Urbana;Privada;18,0;0,0;79,4;0,0;2,6;65,1;0,0;34,9;0,0;0,0
Amapá;Rural;Privada;34,0;0,4;47,9;2,1;7,8;54,45;0,8;36,0;2,3;2,2
Amapá;Total;Pública;53,1;0,8;32,9;3,6;9,6;81,2;1,1;12,8;3,0;1,9
Amapá;Urbana;Pública;61,6;1,2;30,5;2,1;4,6;85,9;1,4;8,6;2,2;1,9
Amapá;Rural;Pública;35,9;0,2;37,9;6,5;19,5;55,1;0,0;36,1;7,2;1,6
Tocantins;Total;Total;13,5;0,2;57,4;3,9;25,0;52,5;0,8;36,3;1,9;8,5
Tocantins;Urbana;Total;14,9;0,2;61,0;4,3;19,6;58,5;1,1;37,9;2,0;0,5
Tocantins;Rural;Total;8,8;0,0;44,8;2,6;43,8;27,7;0,0;29,7;1,5;41,1
Tocantins;Total;Federal;34,0;0,4;47,9;2,1;7,8;73,3;20,0;6,7;0,0;0,0
Tocantins;Urbana;Federal;34,0;0,4;47,9;2,1;7,8;73,3;20,0;6,7;0,0;0,0
Tocantins;Rural;Federal;34,0;0,4;47,9;2,1;7,8;54,45;0,8;36,0;2,3;2,2
Tocantins;Total;Estadual;30,5;0,2;52,1;2,6;14,6;51,8;0,1;37,0;1,8;9,3
Tocantins;Urbana;Estadual;38,2;0,4;59,8;1,0;0,6;58,4;0,1;38,9;1,9;0,7
Tocantins;Rural;Estadual;20,1;0,0;41,7;4,9;33,3;27,7;0,0;29,7;1,5;41,1
Tocantins;Total;Municipal;11,2;0,0;61,4;1,7;25,7;25,0;0,0;66,7;8,3;0,0
Tocantins;Urbana;Municipal;15,4;0,0;69,1;2,0;13,5;25,0;0,0;66,7;8,3;0,0
Tocantins;Rural;Municipal;2,7;0,0;46,4;1,0;49,9;54,45;0,8;36,0;2,3;2,2
Tocantins;Total;Privada;10,1;0,3;55,7;6,2;27,7;52,2;2,2;41,0;4,6;0,0
Tocantins;Urbana;Privada;10,0;0,3;56,4;6,3;27,0;52,2;2,2;41,0;4,6;0,0
Tocantins;Rural;Privada;12,5;0,0;43,8;4,9;38,8;54,45;0,8;36,0;2,3;2,2
Tocantins;Total;Pública;16,5;0,1;58,9;1,9;22,6;52,5;0,8;36,0;1,8;8,9
Tocantins;Urbana;Pública;21,1;0,1;66,8;1,8;10,2;58,9;1,0;37,7;1,9;0,5
Tocantins;Rural;Pública;8,3;0,0;44,9;2,3;44,5;27,7;0,0;29,7;1,5;41,1
Maranhão;Total;Total;6,6;0,3;34,9;3,0;55,2;41,0;1,0;47,8;3,5;6,7
Maranhão;Urbana;Total;11,7;0,5;46,9;4,9;36,0;43,0;0,9;47,1;3,4;5,6
Maranhão;Rural;Total;3,0;0,1;26,3;1,6;69,0;31,9;1,4;51,1;4,1;11,5
Maranhão;Total;Federal;100,0;0,0;0,0;0,0;0,0;82,9;5,1;8,8;1,8;1,4
Maranhão;Urbana;Federal;100,0;0,0;0,0;0,0;0,0;80,5;4,6;10,7;2,3;1,9
Maranhão;Rural;Federal;34,0;0,4;47,9;2,1;7,8;86,6;5,8;5,8;1,2;0,6
Maranhão;Total;Estadual;20,0;0,7;49,8;2,8;26,7;40,6;0,9;48,4;3,4;6,7
Maranhão;Urbana;Estadual;28,6;1,2;55,7;4,2;10,3;43,3;0,9;47,2;3,2;5,4
Maranhão;Rural;Estadual;13,6;0,3;45,4;1,7;39,0;28,5;0,9;53,9;4,4;12,3
Maranhão;Total;Municipal;6,1;0,3;34,2;2,9;56,5;17,4;1,8;60,4;6,3;14,1
Maranhão;Urbana;Municipal;11,0;0,5;46,2;4,9;37,4;17,1;0,4;59,2;8,6;14,7
Maranhão;Rural;Municipal;2,8;0,1;25,9;1,6;69,6;18,2;5,7;63,6;0,0;12,5
Maranhão;Total;Privada;19,9;0,0;59,3;4,6;16,2;34,9;0,8;52,9;3,8;7,6
Maranhão;Urbana;Privada;19,7;0,0;59,7;4,7;15,9;34,9;0,8;52,9;3,8;7,6
Maranhão;Rural;Privada;33,3;0,0;41,7;0,0;25,0;54,45;0,8;36,0;2,3;2,2
Maranhão;Total;Pública;6,4;0,3;34,5;2,9;55,9;41,4;1,0;47,5;3,5;6,6
Maranhão;Urbana;Pública;11,4;0,5;46,5;4,9;36,7;43,6;0,9;46,6;3,3;5,6
Maranhão;Rural;Pública;3,0;0,1;26,3;1,6;69,0;31,9;1,4;51,1;4,1;11,5
Piauí;Total;Total;18,1;0,3;49,6;2,5;29,5;60,2;0,6;32,9;1,2;5,1
Piauí;Urbana;Total;25,9;0,4;54,4;2,5;16,8;60,5;0,5;32,7;1,2;5,1
Piauí;Rural;Total;8,5;0,1;43,8;2,5;45,1;55,0;0,8;35,8;1,2;7,2
Piauí;Total;Federal;34,0;0,4;47,9;2,1;7,8;92,9;1,1;1,9;2,6;1,5
Piauí;Urbana;Federal;34,0;0,4;47,9;2,1;7,8;93,5;1,2;2,0;2,0;1,3
Piauí;Rural;Federal;34,0;0,4;47,9;2,1;7,8;87,0;0,0;0,0;8,7;4,3
Piauí;Total;Estadual;39,1;0,4;48,3;2,6;9,6;60,0;0,5;33,3;1,2;5,0
Piauí;Urbana;Estadual;39,2;0,4;48,5;2,3;9,6;60,4;0,5;33,1;1,2;4,8
Piauí;Rural;Estadual;37,9;0,9;43,4;9,6;8,2;54,0;0,9;37,0;1,0;7,1
Piauí;Total;Municipal;13,3;0,2;49,8;2,5;34,2;23,7;0,0;49,2;0,0;27,1
Piauí;Urbana;Municipal;19,7;0,4;57,0;2,7;20,2;23,7;0,0;49,2;0,0;27,1
Piauí;Rural;Municipal;8,0;0,1;43,8;2,4;45,7;54,45;0,8;36,0;2,3;2,2
Piauí;Total;Privada;24,2;0,5;61,3;2,1;11,9;32,3;3,0;45,1;3,8;15,8
Piauí;Urbana;Privada;24,2;0,5;61,3;2,1;11,9;32,3;3,0;45,1;3,8;15,8
Piauí;Rural;Privada;34,0;0,4;47,9;2,1;7,8;54,45;0,8;36,0;2,3;2,2
Piauí;Total;Pública;18,0;0,3;49,5;2,5;29,7;60,5;0,5;32,7;1,2;5,1
Piauí;Urbana;Pública;25,9;0,4;54,3;2,5;16,9;60,9;0,5;32,5;1,2;4,9
Piauí;Rural;Pública;8,5;0,1;43,8;2,5;45,1;55,0;0,8;35,8;1,2;7,2
Ceará;Total;Total;12,1;0,2;50,8;2,1;34,8;46,2;1,7;43,7;5,3;3,1
Ceará;Urbana;Total;16,8;0,3;56,4;2,5;24,0;47,5;1,7;43,2;4,9;2,7
Ceará;Rural;Total;4,2;0,0;41,4;1,4;53,0;17,3;0,4;53,9;14,3;14,1
Ceará;Total;Federal;34,0;0,4;47,9;2,1;7,8;70,0;10,0;15,0;0,0;5,0
Ceará;Urbana;Federal;34,0;0,4;47,9;2,1;7,8;70,0;10,0;15,0;0,0;5,0
Ceará;Rural;Federal;34,0;0,4;47,9;2,1;7,8;54,45;0,8;36,0;2,3;2,2
Ceará;Total;Estadual;40,2;1,7;47,9;6,3;3,9;48,3;2,1;41,2;5,8;2,6
Ceará;Urbana;Estadual;42,4;1,7;46,9;5,6;3,4;50,1;2,1;40,3;5,2;2,3
Ceará;Rural;Estadual;8,2;1,6;62,6;16,5;11,1;16,5;0,5;56,7;15,4;10,9
Ceará;Total;Municipal;9,5;0,1;50,5;1,7;38,2;40,9;0,3;53,3;4,1;1,4
Ceará;Urbana;Municipal;13,3;0,1;56,9;2,1;27,6;41,2;0,4;54,1;4,2;0,1
Ceará;Rural;Municipal;4,2;0,0;41,1;1,2;53,5;27,3;0,0;18,2;0,0;54,5
Ceará;Total;Privada;20,7;0,0;73,3;1,8;4,2;37,8;0,5;49,7;4,2;7,8
Ceará;Urbana;Privada;20,7;0,0;73,3;1,8;4,2;37,8;0,5;49,7;4,2;7,8
Ceará;Rural;Privada;34,0;0,4;47,9;2,1;7,8;54,45;0,8;36,0;2,3;2,2
Ceará;Total;Pública;11,9;0,2;50,3;2,1;35,5;47,3;1,8;43,0;5,5;2,4
Ceará;Urbana;Pública;16,7;0,3;55,7;2,5;24,8;48,8;1,9;42,4;5,0;1,9
Ceará;Rural;Pública;4,2;0,0;41,4;1,4;53,0;17,3;0,4;53,9;14,3;14,1
Rio Grande do Norte;Total;Total;29,1;0,5;54,0;2,9;13,5;69,1;0,4;27,0;2,8;0,7
Rio Grande do Norte;Urbana;Total;36,6;0,6;52,6;3,3;6,9;69,5;0,4;26,7;2,7;0,7
Rio Grande do Norte;Rural;Total;10,7;0,3;57,4;2,1;29,5;59,7;0,5;33,6;5,7;0,5
Rio Grande do Norte;Total;Federal;34,0;0,4;47,9;2,1;7,8;89,4;0,0;6,4;4,2;0,0
Rio Grande do Norte;Urbana;Federal;34,0;0,4;47,9;2,1;7,8;89,2;0,0;5,4;5,4;0,0
Rio Grande do Norte;Rural;Federal;34,0;0,4;47,9;2,1;7,8;90,0;0,0;10,0;0,0;0,0
Rio Grande do Norte;Total;Estadual;47,0;0,9;46,0;3,6;2,5;70,1;0,2;26,7;3,0;0,0
Rio Grande do Norte;Urbana;Estadual;48,5;0,8;44,9;3,4;2,4;70,6;0,2;26,4;2,8;0,0
Rio Grande do Norte;Rural;Estadual;26,9;1,5;61,2;6,5;3,9;58,2;0,5;34,8;6,0;0,5
Rio Grande do Norte;Total;Municipal;23,3;0,3;56,5;2,7;17,2;54,45;0,8;36,0;2,3;2,2
Rio Grande do Norte;Urbana;Municipal;31,1;0,4;56,1;3,3;9,1;54,45;0,8;36,0;2,3;2,2
Rio Grande do Norte;Rural;Municipal;9,7;0,3;57,1;1,8;31,1;54,45;0,8;36,0;2,3;2,2
Rio Grande do Norte;Total;Privada;33,3;2,9;56,2;0,0;7,6;43,5;4,0;37,2;0,9;14,4
Rio Grande do Norte;Urbana;Privada;33,3;2,9;56,2;0,0;7,6;43,5;4,0;37,2;0,9;14,4
Rio Grande do Norte;Rural;Privada;34,0;0,4;47,9;2,1;7,8;54,45;0,8;36,0;2,3;2,2
Rio Grande do Norte;Total;Pública;29,0;0,5;53,9;2,9;13,7;70,3;0,2;26,5;3,0;0,0
Rio Grande do Norte;Urbana;Pública;36,7;0,5;52,5;3,3;7,0;70,8;0,2;26,2;2,8;0,0
Rio Grande do Norte;Rural;Pública;10,7;0,3;57,4;2,1;29,5;59,7;0,5;33,6;5,7;0,5
Paraíba;Total;Total;25,3;0,3;46,3;1,8;26,3;68,7;0,8;28,4;1,0;1,1
Paraíba;Urbana;Total;33,7;0,5;47,2;2,0;16,6;69,3;0,9;27,9;1,0;0,9
Paraíba;Rural;Total;9,0;0,1;44,7;1,5;44,7;62,4;0,2;33,4;1,1;2,9
Paraíba;Total;Federal;34,0;0,4;47,9;2,1;7,8;81,5;6,5;9,7;2,3;0,0
Paraíba;Urbana;Federal;34,0;0,4;47,9;2,1;7,8;79,0;8,0;10,0;3,0;0,0
Paraíba;Rural;Federal;34,0;0,4;47,9;2,1;7,8;91,7;0,0;8,3;0,0;0,0
Paraíba;Total;Estadual;51,0;0,6;45,1;1,7;1,6;69,4;0,8;28,0;1,0;0,8
Paraíba;Urbana;Estadual;52,1;0,6;43,8;2,0;1,5;70,0;0,8;27,6;1,0;0,6
Paraíba;Rural;Estadual;44,0;0,4;53,2;0,1;2,3;62,5;0,2;33,3;1,1;2,9
Paraíba;Total;Municipal;17,8;0,3;46,4;1,8;33,7;37,1;0,0;53,9;1,2;7,8
Paraíba;Urbana;Municipal;26,1;0,4;48,1;2,0;23,4;38,9;0,0;52,1;1,4;7,6
Paraíba;Rural;Municipal;5,6;0,1;43,9;1,6;48,8;26,1;0,0;65,2;0,0;8,7
Paraíba;Total;Privada;13,8;0,0;67,7;0,0;18,5;54,0;0,0;36,0;0,0;10,0
Paraíba;Urbana;Privada;13,8;0,0;67,7;0,0;18,5;54,0;0,0;36,0;0,0;10,0
Paraíba;Rural;Privada;34,0;0,4;47,9;2,1;7,8;54,45;0,8;36,0;2,3;2,2
Paraíba;Total;Pública;25,4;0,3;46,1;1,8;26,4;69,1;0,8;28,2;1,0;0,9
Paraíba;Urbana;Pública;34,0;0,5;46,8;2,0;16,7;69,7;0,9;27,8;1,0;0,6
Paraíba;Rural;Pública;9,0;0,1;44,7;1,5;44,7;62,4;0,2;33,4;1,1;2,9
Pernambuco;Total;Total;24,5;0,3;53,9;2,2;19,1;44,7;0,4;51,5;2,0;1,4
Pernambuco;Urbana;Total;29,2;0,3;57,8;2,2;10,5;47,1;0,4;50,1;2,1;0,3
Pernambuco;Rural;Total;14,7;0,1;46,1;2,2;36,9;33,5;0,3;57,9;1,5;6,8
Pernambuco;Total;Federal;34,0;0,4;47,9;2,1;7,8;84,6;12,3;1,5;1,6;0,0
Pernambuco;Urbana;Federal;34,0;0,4;47,9;2,1;7,8;85,3;14,7;0,0;0,0;0,0
Pernambuco;Rural;Federal;34,0;0,4;47,9;2,1;7,8;83,9;9,7;3,2;3,2;0,0
Pernambuco;Total;Estadual;33,9;0,4;52,5;2,7;10,5;44,7;0,3;51,6;2,0;1,4
Pernambuco;Urbana;Estadual;40,7;0,6;56,1;2,4;0,2;47,3;0,4;50,1;2,1;0,1
Pernambuco;Rural;Estadual;21,8;0,2;46,1;3,3;28,6;33,0;0,2;58,4;1,5;6,9
Pernambuco;Total;Municipal;20,9;0,2;54,3;2,1;22,5;28,4;0,0;71,6;0,0;0,0
Pernambuco;Urbana;Municipal;25,3;0,3;58,2;2,2;14,0;28,4;0,0;71,6;0,0;0,0
Pernambuco;Rural;Municipal;11,6;0,1;46,1;1,8;40,4;54,45;0,8;36,0;2,3;2,2
Pernambuco;Total;Privada;22,9;0,0;64,0;2,1;11,0;30,9;0,0;49,7;1,8;17,6
Pernambuco;Urbana;Privada;22,9;0,0;64,0;2,1;11,0;30,9;0,0;49,7;1,8;17,6
Pernambuco;Rural;Privada;34,0;0,4;47,9;2,1;7,8;54,45;0,8;36,0;2,3;2,2
Pernambuco;Total;Pública;24,5;0,3;53,8;2,2;19,2;44,8;0,4;51,5;2,0;1,3
Pernambuco;Urbana;Pública;29,4;0,3;57,6;2,3;10,4;47,3;0,4;50,1;2,1;0,1
Pernambuco;Rural;Pública;14,7;0,1;46,1;2,2;36,9;33,5;0,3;57,9;1,5;6,8
Alagoas;Total;Total;13,2;0,3;41,4;1,3;43,8;46,4;0,6;48,7;2,0;2,3
Alagoas;Urbana;Total;21,1;0,6;46,0;1,8;30,5;46,8;0,7;48,7;1,9;1,9
Alagoas;Rural;Total;6,6;0,0;37,5;0,8;55,1;42,3;0,0;48,3;2,2;7,2
Alagoas;Total;Federal;34,0;0,4;47,9;2,1;7,8;85,3;7,1;5,1;1,9;0,6
Alagoas;Urbana;Federal;34,0;0,4;47,9;2,1;7,8;85,3;7,1;5,1;1,9;0,6
Alagoas;Total;Estadual;59,8;1,6;32,7;0,0;5,9;44,8;0,3;50,6;2,0;2,3
Alagoas;Urbana;Estadual;65,2;1,9;28,6;0,0;4,3;45,1;0,3;50,9;2,0;1,7
Alagoas;Rural;Estadual;34,7;0,0;51,7;0,0;13,6;42,3;0,0;48,3;2,2;7,2
Alagoas;Total;Municipal;12,2;0,2;41,3;1,3;45,0;54,45;0,8;36,0;2,3;2,2
Alagoas;Urbana;Municipal;19,5;0,5;46,2;1,9;31,9;54,45;0,8;36,0;2,3;2,2
Alagoas;Rural;Municipal;6,4;0,0;37,4;0,8;55,4;54,45;0,8;36,0;2,3;2,2
Alagoas;Total;Privada;9,6;1,1;76,4;0,0;12,9;32,6;2,3;57,0;0,0;8,1
Alagoas;Urbana;Privada;9,6;1,1;76,4;0,0;12,9;32,6;2,3;57,0;0,0;8,1
Alagoas;Rural;Privada;34,0;0,4;47,9;2,1;7,8;54,45;0,8;36,0;2,3;2,2
Alagoas;Total;Pública;13,3;0,3;41,1;1,3;44,0;46,8;0,6;48,5;2,0;2,1
Alagoas;Urbana;Pública;21,3;0,6;45,5;1,8;30,8;47,2;0,6;48,5;2,0;1,7
Alagoas;Rural;Pública;6,6;0,0;37,5;0,8;55,1;42,3;0,0;48,3;2,2;7,2
Sergipe;Total;Total;34,7;0,2;55,7;1,8;7,6;72,6;0,4;25,5;0,8;0,7
Sergipe;Urbana;Total;42,5;0,3;51,7;1,9;3,6;72,8;0,5;25,2;0,8;0,7
Sergipe;Rural;Total;22,0;0,0;62,3;1,5;14,2;70,7;0,0;28,2;0,5;0,6
Sergipe;Total;Federal;34,0;0,4;47,9;2,1;7,8;100,0;0,0;0,0;0,0;0,0
Sergipe;Urbana;Federal;34,0;0,4;47,9;2,1;7,8;100,0;0,0;0,0;0,0;0,0
Sergipe;Rural;Federal;34,0;0,4;47,9;2,1;7,8;54,45;0,8;36,0;2,3;2,2
Sergipe;Total;Estadual;49,1;0,7;48,9;1,2;0,1;72,8;0,4;25,6;0,7;0,5
Sergipe;Urbana;Estadual;48,8;0,7;49,2;1,2;0,1;73,1;0,5;25,3;0,7;0,4
Sergipe;Rural;Estadual;63,6;0,0;36,4;0,0;0,0;70,7;0,0;28,2;0,5;0,6
Sergipe;Total;Municipal;32,8;0,1;56,6;1,8;8,7;54,45;0,8;36,0;2,3;2,2
Sergipe;Urbana;Municipal;41,1;0,2;52,2;2,1;4,4;54,45;0,8;36,0;2,3;2,2
Sergipe;Rural;Municipal;21,7;0,0;62,5;1,5;14,3;54,45;0,8;36,0;2,3;2,2
Sergipe;Total;Privada;20,0;0,0;80,0;0,0;0,0;61,7;2,1;23,4;6,4;6,4
Sergipe;Urbana;Privada;20,0;0,0;80,0;0,0;0,0;61,7;2,1;23,4;6,4;6,4
Sergipe;Rural;Privada;34,0;0,4;47,9;2,1;7,8;54,45;0,8;36,0;2,3;2,2
Sergipe;Total;Pública;34,8;0,2;55,7;1,8;7,5;72,9;0,4;25,6;0,7;0,4
Sergipe;Urbana;Pública;42,5;0,3;51,6;1,9;3,7;73,1;0,5;25,3;0,7;0,4
Sergipe;Rural;Pública;22,0;0,0;62,3;1,5;14,2;70,7;0,0;28,2;0,5;0,6
Bahia;Total;Total;13,3;0,2;34,6;2,1;49,8;46,1;0,8;42,5;4,1;6,5
Bahia;Urbana;Total;22,3;0,3;40,5;2,8;34,1;47,4;0,8;42,2;4,2;5,4
Bahia;Rural;Total;5,1;0,0;29,1;1,5;64,3;34,9;0,6;45,6;3,5;15,4
Bahia;Total;Federal;34,0;0,4;47,9;2,1;7,8;72,7;6,8;11,4;3,4;5,7
Bahia;Urbana;Federal;34,0;0,4;47,9;2,1;7,8;70,8;4,6;15,4;4,6;4,6
Bahia;Rural;Federal;34,0;0,4;47,9;2,1;7,8;78,3;13,0;0,0;0,0;8,7
Bahia;Total;Estadual;38,0;0,5;38,3;5,2;18,0;46,2;0,8;42,3;4,1;6,6
Bahia;Urbana;Estadual;46,8;0,6;42,9;6,2;3,5;47,6;0,8;41,9;4,2;5,5
Bahia;Rural;Estadual;9,4;0,3;23,3;2,0;65,0;34,8;0,6;45,6;3,5;15,5
Bahia;Total;Municipal;12,1;0,1;34,1;2,0;51,7;28,5;0,0;59,9;3,6;8,0
Bahia;Urbana;Municipal;20,4;0,2;39,9;2,5;37,0;31,5;0,0;59,3;1,9;7,3
Bahia;Rural;Municipal;5,0;0,0;29,2;1,5;64,3;26,5;0,0;60,2;4,8;8,5
Bahia;Total;Privada;26,7;0,5;57,2;2,3;13,3;35,3;1,1;58,4;4,1;1,1
Bahia;Urbana;Privada;27,0;0,5;56,6;2,3;13,6;35,3;1,1;58,4;4,1;1,1
Bahia;Rural;Privada;0,0;0,0;100,0;0,0;0,0;54,45;0,8;36,0;2,3;2,2
Bahia;Total;Pública;13,2;0,1;34,3;2,1;50,3;46,2;0,8;42,3;4,1;6,6
Bahia;Urbana;Pública;22,2;0,3;40,1;2,8;34,6;47,6;0,8;41,9;4,2;5,5
Bahia;Rural;Pública;5,1;0,0;29,1;1,5;64,3;34,9;0,6;45,6;3,5;15,4
Minas Gerais;Total;Total;40,6;0,8;50,5;4,4;3,7;61,5;1,7;27,8;5,5;3,5
Minas Gerais;Urbana;Total;40,4;0,8;51,0;4,6;3,2;61,8;1,7;28,0;5,6;2,9
Minas Gerais;Rural;Total;43,5;1,4;40,6;1,5;13,0;51,2;0,7;21,7;3,5;22,9
Minas Gerais;Total;Federal;100,0;0,0;0,0;0,0;0,0;81,8;7,6;9,1;1,5;0,0
Minas Gerais;Urbana;Federal;100,0;0,0;0,0;0,0;0,0;81,8;7,6;9,1;1,5;0,0
Minas Gerais;Rural;Federal;34,0;0,4;47,9;2,1;7,8;54,45;0,8;36,0;2,3;2,2
Minas Gerais;Total;Estadual;51,7;1,4;37,6;5,0;4,3;62,4;1,7;26,5;5,7;3,7
Minas Gerais;Urbana;Estadual;52,2;1,4;38,0;5,4;3,0;62,8;1,7;26,7;5,8;3,0
Minas Gerais;Rural;Estadual;47,0;1,5;33,8;1,3;16,4;51,5;0,7;20,3;3,7;23,8
Minas Gerais;Total;Municipal;31,7;0,5;60,6;4,2;3,0;35,8;1,5;61,6;1,0;0,1
Minas Gerais;Urbana;Municipal;31,6;0,5;60,6;4,2;3,1;35,8;1,5;61,6;1,0;0,1
Minas Gerais;Rural;Municipal;32,8;1,2;60,2;2,3;3,5;54,45;0,8;36,0;2,3;2,2
Minas Gerais;Total;Privada;37,1;0,4;55,2;3,8;3,5;51,4;2,2;42,2;1,5;2,7
Minas Gerais;Urbana;Privada;36,9;0,4;55,5;3,8;3,4;52,4;2,6;41,6;1,5;1,9
Minas Gerais;Rural;Privada;47,2;0,0;39,6;0,9;12,3;46,1;0,0;44,7;1,3;7,9
Minas Gerais;Total;Pública;41,2;0,9;49,7;4,6;3,6;61,6;1,7;27,6;5,5;3,6
Minas Gerais;Urbana;Pública;41,0;0,9;50,3;4,8;3,0;61,9;1,7;27,8;5,6;3,0
Minas Gerais;Rural;Pública;43,3;1,5;40,6;1,6;13,0;51,5;0,7;20,3;3,7;23,8
Espírito Santo;Total;Total;58,5;1,2;36,6;1,6;2,1;72,2;1,6;20,3;3,4;2,5
Espírito Santo;Urbana;Total;59,2;1,2;35,9;1,6;2,1;72,9;1,6;20,3;3,1;2,1
Espírito Santo;Rural;Total;53,4;1,4;41,9;1,9;1,4;65,7;1,4;20,5;5,5;6,9
Espírito Santo;Total;Federal;34,0;0,4;47,9;2,1;7,8;76,1;10,2;5,1;8,6;0,0
Espírito Santo;Urbana;Federal;34,0;0,4;47,9;2,1;7,8;76,1;10,2;5,1;8,6;0,0
Espírito Santo;Rural;Federal;34,0;0,4;47,9;2,1;7,8;54,45;0,8;36,0;2,3;2,2
Espírito Santo;Total;Estadual;65,2;1,2;29,4;1,9;2,3;76,4;1,4;16,2;3,3;2,7
Espírito Santo;Urbana;Estadual;65,5;1,2;29,0;2,0;2,3;77,8;1,4;15,6;3,0;2,2
Espírito Santo;Rural;Estadual;63,5;1,5;31,1;1,5;2,4;65,7;1,4;20,5;5,5;6,9
Espírito Santo;Total;Municipal;53,7;1,1;41,9;1,5;1,8;36,4;9,1;54,5;0,0;0,0
Espírito Santo;Urbana;Municipal;55,2;1,2;40,4;1,4;1,8;36,4;9,1;54,5;0,0;0,0
Espírito Santo;Rural;Municipal;37,2;1,1;59,2;2,5;0,0;54,45;0,8;36,0;2,3;2,2
Espírito Santo;Total;Privada;34,0;0,4;47,9;2,1;7,8;24,1;0,7;70,6;3,1;1,5
Espírito Santo;Urbana;Privada;34,0;0,4;47,9;2,1;7,8;24,1;0,7;70,6;3,1;1,5
Espírito Santo;Rural;Privada;34,0;0,4;47,9;2,1;7,8;54,45;0,8;36,0;2,3;2,2
Espírito Santo;Total;Pública;58,5;1,2;36,6;1,6;2,1;76,4;1,7;15,9;3,4;2,6
Espírito Santo;Urbana;Pública;59,2;1,2;35,9;1,6;2,1;77,7;1,7;15,3;3,1;2,2
Espírito Santo;Rural;Pública;53,4;1,4;41,9;1,9;1,4;65,7;1,4;20,5;5,5;6,9
Rio de Janeiro;Total;Total;55,9;1,5;31,2;2,4;9,0;73,1;1,6;22,4;1,1;1,8
Rio de Janeiro;Urbana;Total;56,4;1,6;30,9;2,5;8,6;73,0;1,6;22,3;1,1;2,0
Rio de Janeiro;Rural;Total;44,7;0,9;38,1;0,4;15,9;74,6;0,5;24,9;0,0;0,0
Rio de Janeiro;Total;Federal;59,8;6,1;17,1;12,2;4,8;87,9;3,2;5,1;3,4;0,4
Rio de Janeiro;Urbana;Federal;59,8;6,1;17,1;12,2;4,8;87,9;3,2;5,1;3,4;0,4
Rio de Janeiro;Rural;Federal;34,0;0,4;47,9;2,1;7,8;54,45;0,8;36,0;2,3;2,2
Rio de Janeiro;Total;Estadual;79,7;2,3;15,2;1,5;1,3;75,3;1,4;22,2;0,8;0,3
Rio de Janeiro;Urbana;Estadual;79,7;2,3;15,2;1,5;1,3;75,3;1,4;22,1;0,8;0,4
Rio de Janeiro;Rural;Estadual;93,3;0,0;6,7;0,0;0,0;74,6;0,5;24,9;0,0;0,0
Rio de Janeiro;Total;Municipal;53,1;1,4;34,1;2,6;8,8;75,8;2,7;18,1;3,4;0,0
Rio de Janeiro;Urbana;Municipal;53,6;1,4;33,8;2,7;8,5;75,8;2,7;18,1;3,4;0,0
Rio de Janeiro;Rural;Municipal;44,0;1,0;38,5;0,4;16,1;54,45;0,8;36,0;2,3;2,2
Rio de Janeiro;Total;Privada;38,0;1,6;28,0;1,9;30,5;58,6;2,2;26,7;2,2;10,3
Rio de Janeiro;Urbana;Privada;38,0;1,6;28,0;1,9;30,5;58,6;2,2;26,7;2,2;10,3
Rio de Janeiro;Rural;Privada;34,0;0,4;47,9;2,1;7,8;54,45;0,8;36,0;2,3;2,2
Rio de Janeiro;Total;Pública;56,8;1,5;31,4;2,5;7,8;75,7;1,5;21,7;0,9;0,2
Rio de Janeiro;Urbana;Pública;57,4;1,6;31,1;2,6;7,3;75,7;1,5;21,5;0,9;0,4
Rio de Janeiro;Rural;Pública;44,7;0,9;38,1;0,4;15,9;74,6;0,5;24,9;0,0;0,0
São Paulo;Total;Total;49,6;0,4;47,3;0,5;2,2;51,2;0,3;44,2;1,8;2,5
São Paulo;Urbana;Total;50,8;0,4;46,8;0,4;1,6;52,6;0,4;43,1;1,7;2,2
São Paulo;Rural;Total;39,5;0,4;51,9;1,3;6,9;38,8;0,2;54,2;2,8;4,0
São Paulo;Total;Federal;34,0;0,4;47,9;2,1;7,8;74,5;5,2;14,1;6,2;0,0
São Paulo;Urbana;Federal;34,0;0,4;47,9;2,1;7,8;74,5;5,2;14,1;6,2;0,0
São Paulo;Rural;Federal;34,0;0,4;47,9;2,1;7,8;54,45;0,8;36,0;2,3;2,2
São Paulo;Total;Estadual;48,5;0,2;45,6;1,5;4,2;51,0;0,3;44,2;1,9;2,6
São Paulo;Urbana;Estadual;54,1;0,1;41,8;1,6;2,4;52,5;0,3;43,0;1,8;2,4
São Paulo;Rural;Estadual;39,9;0,4;51,4;1,4;6,9;38,8;0,2;54,2;2,8;4,0
São Paulo;Total;Municipal;50,5;0,4;47,6;0,2;1,3;61,5;0,5;38,0;0,0;0,0
São Paulo;Urbana;Municipal;50,6;0,3;47,5;0,2;1,4;61,5;0,5;38,0;0,0;0,0
São Paulo;Rural;Municipal;24,4;3,8;71,8;0,0;0,0;54,45;0,8;36,0;2,3;2,2
São Paulo;Total;Privada;39,8;3,0;55,1;0,3;1,8;43,0;0,7;53,3;0,9;2,1
São Paulo;Urbana;Privada;39,8;3,0;55,1;0,3;1,8;43,0;0,7;53,3;0,9;2,1
São Paulo;Rural;Privada;34,0;0,4;47,9;2,1;7,8;54,45;0,8;36,0;2,3;2,2
São Paulo;Total;Pública;50,0;0,3;47,0;0,6;2,1;51,5;0,3;43,8;1,8;2,6
São Paulo;Urbana;Pública;51,3;0,3;46,4;0,5;1,5;53,1;0,3;42,6;1,7;2,3
São Paulo;Rural;Pública;39,5;0,4;51,9;1,3;6,9;38,8;0,2;54,2;2,8;4,0
Paraná;Total;Total;34,0;1,4;60,9;2,7;1,0;75,7;2,0;17,6;2,7;2,0
Paraná;Urbana;Total;34,0;1,4;60,9;2,7;1,0;75,7;2,0;17,6;2,7;2,0
Paraná;Rural;Total;35,9;0,0;61,2;0,0;2,9;100,0;0,0;0,0;0,0;0,0
Paraná;Total;Federal;34,0;0,4;47,9;2,1;7,8;54,5;9,1;36,4;0,0;0,0
Paraná;Urbana;Federal;34,0;0,4;47,9;2,1;7,8;54,5;9,1;36,4;0,0;0,0
Paraná;Rural;Federal;34,0;0,4;47,9;2,1;7,8;54,45;0,8;36,0;2,3;2,2
Paraná;Total;Estadual;75,1;2,2;19,3;1,7;1,7;77,8;2,3;15,8;1,9;2,2
Paraná;Urbana;Estadual;75,2;2,2;19,2;1,7;1,7;77,8;2,3;15,8;1,9;2,2
Paraná;Rural;Estadual;69,2;0,0;30,8;0,0;0,0;100,0;0,0;0,0;0,0;0,0
Paraná;Total;Municipal;8,6;0,4;85,0;3,0;3,0;54,45;0,8;36,0;2,3;2,2
Paraná;Urbana;Municipal;8,5;0,4;85,2;3,0;2,9;54,45;0,8;36,0;2,3;2,2
Paraná;Rural;Municipal;10,6;0,0;71,2;0,0;18,2;54,45;0,8;36,0;2,3;2,2
Paraná;Total;Privada;31,3;1,5;64,0;2,8;0,4;64,2;0,5;27,5;7,1;0,7
Paraná;Urbana;Privada;31,2;1,5;64,1;2,9;0,3;64,2;0,5;27,5;7,1;0,7
Paraná;Rural;Privada;38,4;0,0;61,6;0,0;0,0;54,45;0,8;36,0;2,3;2,2
Paraná;Total;Pública;38,9;1,2;55,1;2,4;2,4;77,7;2,3;15,9;1,9;2,2
Paraná;Urbana;Pública;39,0;1,2;55,0;2,4;2,4;77,7;2,3;15,9;1,9;2,2
Paraná;Rural;Pública;27,2;0,0;59,8;0,0;13,0;100,0;0,0;0,0;0,0;0,0
Santa Catarina;Total;Total;71,7;0,2;22,0;1,7;4,4;66,9;0,2;25,4;2,2;5,3
Santa Catarina;Urbana;Total;72,0;0,2;22,2;1,6;4,0;67,0;0,3;25,7;1,9;5,1
Santa Catarina;Rural;Total;60,4;0,0;14,0;5,8;19,8;60,5;0,0;10,3;14,2;15,0
Santa Catarina;Total;Federal;53,3;0,0;46,7;0,0;0,0;79,7;10,5;7,2;1,3;1,3
Santa Catarina;Urbana;Federal;53,3;0,0;46,7;0,0;0,0;79,7;10,5;7,2;1,3;1,3
Santa Catarina;Rural;Federal;34,0;0,4;47,9;2,1;7,8;54,45;0,8;36,0;2,3;2,2
Santa Catarina;Total;Estadual;83,1;0,0;10,8;0,8;5,3;81,2;0,1;11,3;1,6;5,8
Santa Catarina;Urbana;Estadual;84,0;0,0;10,7;0,8;4,5;81,7;0,1;11,4;1,4;5,4
Santa Catarina;Rural;Estadual;62,9;0,0;12,9;3,1;21,1;64,4;0,0;8,7;10,1;16,8
Santa Catarina;Total;Municipal;65,2;0,7;30,1;2,1;1,9;63,0;1,7;35,3;0,0;0,0
Santa Catarina;Urbana;Municipal;65,3;0,7;30,0;2,2;1,8;63,8;1,9;34,3;0,0;0,0
Santa Catarina;Rural;Municipal;50,0;0,0;42,9;0,0;7,1;53,8;0,0;46,2;0,0;0,0
Santa Catarina;Total;Privada;39,0;0,1;50,2;4,3;6,4;32,1;0,1;59,5;3,6;4,7
Santa Catarina;Urbana;Privada;39,2;0,1;50,5;3,8;6,4;32,2;0,1;59,7;3,3;4,7
Santa Catarina;Rural;Privada;0,0;0,0;0,0;100,0;0,0;0,0;0,0;0,0;100,0;0,0
Santa Catarina;Total;Pública;76,7;0,3;17,7;1,3;4,0;80,8;0,3;11,8;1,6;5,5
Santa Catarina;Urbana;Pública;77,1;0,3;17,8;1,3;3,5;81,3;0,3;11,8;1,4;5,2
Santa Catarina;Rural;Pública;62,2;0,0;14,4;3,0;20,4;63,8;0,0;10,9;9,5;15,8
Rio Grande do Sul;Total;Total;43,2;1,3;46,5;2,3;6,7;59,5;2,4;32,9;3,3;1,9
Rio Grande do Sul;Urbana;Total;43,7;1,4;45,8;2,3;6,8;60,5;2,5;32,5;3,1;1,4
Rio Grande do Sul;Rural;Total;36,9;0,5;55,3;1,5;5,8;36,2;0,9;42,5;8,7;11,7
Rio Grande do Sul;Total;Federal;78,5;7,6;13,9;0,0;0,0;89,4;3,1;4,4;3,1;0,0
Rio Grande do Sul;Urbana;Federal;78,5;7,6;13,9;0,0;0,0;90,7;2,8;3,7;2,8;0,0
Rio Grande do Sul;Rural;Federal;34,0;0,4;47,9;2,1;7,8;82,8;4,7;7,8;4,7;0,0
Rio Grande do Sul;Total;Estadual;51,2;0,5;41,5;3,1;3,7;57,4;0,4;37,2;2,8;2,2
Rio Grande do Sul;Urbana;Estadual;53,5;0,6;39,4;3,2;3,3;59,0;0,4;36,7;2,4;1,5
Rio Grande do Sul;Rural;Estadual;38,6;0,0;52,7;3,0;5,7;30,4;0,6;45,5;9,7;13,8
Rio Grande do Sul;Total;Municipal;50,4;0,9;44,5;2,1;2,1;57,2;1,4;37,0;1,9;2,5
Rio Grande do Sul;Urbana;Municipal;51,3;0,9;43,5;2,2;2,1;60,6;1,7;32,6;2,3;2,8
Rio Grande do Sul;Rural;Municipal;38,4;1,1;57,8;0,0;2,7;39,4;0,0;60,6;0,0;0,0
Rio Grande do Sul;Total;Privada;24,0;2,6;54,4;2,0;17,0;61,2;6,3;26,5;4,3;1,7
Rio Grande do Sul;Urbana;Privada;24,3;2,6;54,3;2,0;16,8;61,2;6,3;26,5;4,3;1,7
Rio Grande do Sul;Rural;Privada;0,0;0,0;58,2;0,0;41,8;54,45;0,8;36,0;2,3;2,2
Rio Grande do Sul;Total;Pública;50,8;0,8;43,4;2,4;2,6;58,6;0,5;36,0;2,8;2,1
Rio Grande do Sul;Urbana;Pública;52,1;0,9;42,2;2,5;2,3;60,1;0,5;35,5;2,4;1,5
Rio Grande do Sul;Rural;Pública;38,5;0,5;55,1;1,6;4,3;36,2;0,9;42,5;8,7;11,7
Mato Grosso do Sul;Total;Total;41,8;0,2;53,1;1,2;3,7;65,9;1,6;27,4;2,4;2,7
Mato Grosso do Sul;Urbana;Total;41,9;0,2;54,2;0,8;2,9;68,6;1,8;26,8;1,8;1,0
Mato Grosso do Sul;Rural;Total;40,2;0,0;39,9;6,0;13,9;47,8;0,0;31,8;6,7;13,7
Mato Grosso do Sul;Total;Federal;34,0;0,4;47,9;2,1;7,8;81,4;14,7;3,2;0,7;0,0
Mato Grosso do Sul;Urbana;Federal;34,0;0,4;47,9;2,1;7,8;81,4;14,7;3,2;0,7;0,0
Mato Grosso do Sul;Rural;Federal;34,0;0,4;47,9;2,1;7,8;54,45;0,8;36,0;2,3;2,2
Mato Grosso do Sul;Total;Estadual;49,5;0,3;43,8;0,5;5,9;66,1;0,6;27,5;2,1;3,7
Mato Grosso do Sul;Urbana;Estadual;50,9;0,4;44,7;0,4;3,6;70,1;0,8;26,5;1,0;1,6
Mato Grosso do Sul;Rural;Estadual;42,9;0,0;39,4;1,2;16,5;47,8;0,0;31,8;6,7;13,7
Mato Grosso do Sul;Total;Municipal;57,4;0,1;39,1;1,9;1,5;54,45;0,8;36,0;2,3;2,2
Mato Grosso do Sul;Urbana;Municipal;59,5;0,1;39,0;0,9;0,5;54,45;0,8;36,0;2,3;2,2
Mato Grosso do Sul;Rural;Municipal;37,4;0,0;40,5;11,0;11,1;54,45;0,8;36,0;2,3;2,2
Mato Grosso do Sul;Total;Privada;24,3;0,2;70,0;1,0;4,5;60,0;0,0;35,9;4,1;0,0
Mato Grosso do Sul;Urbana;Privada;24,3;0,2;70,0;1,0;4,5;60,0;0,0;35,9;4,1;0,0
Mato Grosso do Sul;Rural;Privada;34,0;0,4;47,9;2,1;7,8;54,45;0,8;36,0;2,3;2,2
Mato Grosso do Sul;Total;Pública;54,5;0,2;40,8;1,4;3,1;67,6;2,0;25,0;1,9;3,5
Mato Grosso do Sul;Urbana;Pública;56,5;0,2;41,0;0,7;1,6;71,5;2,4;23,7;1,0;1,4
Mato Grosso do Sul;Rural;Pública;40,2;0,0;39,9;6,0;13,9;47,8;0,0;31,8;6,7;13,7
Mato Grosso;Total;Total;23,4;1,5;62,4;0,9;11,8;38,2;3,5;45,0;1,0;12,3
Mato Grosso;Urbana;Total;26,5;1,7;63,4;0,7;7,7;48,8;4,7;42,6;1,3;2,6
Mato Grosso;Rural;Total;13,5;0,9;59,4;1,6;24,6;17,0;1,2;50,0;0,5;31,3
Mato Grosso;Total;Federal;34,0;0,4;47,9;2,1;7,8;71,4;14,3;7,1;7,2;0,0
Mato Grosso;Urbana;Federal;34,0;0,4;47,9;2,1;7,8;83,3;16,7;0,0;0,0;0,0
Mato Grosso;Rural;Federal;34,0;0,4;47,9;2,1;7,8;62,5;12,5;12,5;12,5;0,0
Mato Grosso;Total;Estadual;32,1;2,4;55,2;1,3;9,0;38,9;3,6;43,1;1,1;13,3
Mato Grosso;Urbana;Estadual;39,8;3,0;52,5;1,1;3,6;52,0;5,1;39,0;1,5;2,4
Mato Grosso;Rural;Estadual;16,2;1,2;60,6;1,9;20,1;16,8;1,1;50,1;0,4;31,6
Mato Grosso;Total;Municipal;6,0;0,3;73,3;1,4;19,0;54,45;0,8;36,0;2,3;2,2
Mato Grosso;Urbana;Municipal;7,3;0,7;90,0;2,0;0,0;54,45;0,8;36,0;2,3;2,2
Mato Grosso;Rural;Municipal;4,7;0,0;55,8;0,7;38,8;54,45;0,8;36,0;2,3;2,2
Mato Grosso;Total;Privada;14,1;0,3;71,5;0,0;14,1;31,0;2,4;62,7;0,5;3,4
Mato Grosso;Urbana;Privada;14,1;0,3;71,5;0,0;14,1;31,0;2,4;62,7;0,5;3,4
Mato Grosso;Rural;Privada;34,0;0,4;47,9;2,1;7,8;54,45;0,8;36,0;2,3;2,2
Mato Grosso;Total;Pública;27,6;2,0;58,3;1,3;10,8;39,0;3,7;43,0;1,1;13,2
Mato Grosso;Urbana;Pública;35,4;2,6;57,6;1,2;3,2;52,1;5,1;38,9;1,5;2,4
Mato Grosso;Rural;Pública;13,5;0,9;59,4;1,6;24,6;17,0;1,2;50,0;0,5;31,3
Goiás;Total;Total;30,5;1,1;64,1;2,3;2,0;41,8;2,1;52,5;3,1;0,5
Goiás;Urbana;Total;30,8;1,1;64,0;2,3;1,8;41,9;2,1;52,4;3,1;0,5
Goiás;Rural;Total;15,6;0,0;70,2;2,8;11,4;37,6;0,8;56,4;5,2;0,0
Goiás;Total;Federal;34,0;0,4;47,9;2,1;7,8;78,4;12,0;4,8;4,0;0,8
Goiás;Urbana;Federal;34,0;0,4;47,9;2,1;7,8;78,0;12,0;5,0;4,1;0,9
Goiás;Rural;Federal;34,0;0,4;47,9;2,1;7,8;88,9;11,1;0,0;0,0;0,0
Goiás;Total;Estadual;30,4;1,1;65,5;2,0;1,0;44,1;1,9;50,6;3,1;0,3
Goiás;Urbana;Estadual;30,3;1,2;65,6;1,9;1,0;44,3;1,9;50,4;3,0;0,4
Goiás;Rural;Estadual;32,3;0,0;61,3;6,4;0,0;33,9;0,0;60,5;5,6;0,0
Goiás;Total;Municipal;36,1;0,9;58,6;2,6;1,8;26,2;0,9;72,4;0,0;0,5
Goiás;Urbana;Municipal;36,6;1,0;58,4;2,6;1,4;26,2;0,9;72,4;0,0;0,5
Goiás;Rural;Municipal;2,5;0,0;77,2;0,0;20,3;54,45;0,8;36,0;2,3;2,2
Goiás;Total;Privada;11,1;1,4;81,6;1,5;4,4;28,1;1,7;65,1;3,9;1,2
Goiás;Urbana;Privada;11,1;1,4;81,6;1,5;4,4;28,1;1,7;65,1;3,9;1,2
Goiás;Rural;Privada;34,0;0,4;47,9;2,1;7,8;54,45;0,8;36,0;2,3;2,2
Goiás;Total;Pública;34,7;1,0;60,3;2,4;1,6;44,5;2,2;50,1;3,0;0,2
Goiás;Urbana;Pública;35,1;1,0;60,2;2,4;1,3;44,6;2,2;50,0;2,9;0,3
Goiás;Rural;Pública;15,6;0,0;70,2;2,8;11,4;37,6;0,8;56,4;5,2;0,0
Distrito Federal;Total;Total;50,3;1,5;44,9;2,3;1,0;77,0;2,4;17,7;1,9;1,0
Distrito Federal;Urbana;Total;50,9;1,5;44,2;2,2;1,2;77,5;2,3;17,3;1,8;1,1
Distrito Federal;Rural;Total;40,5;1,1;54,3;2,6;1,5;65,5;4,6;26,9;3,0;0,0
Distrito Federal;Total;Federal;34,0;0,4;47,9;2,1;7,8;76,3;13,1;7,6;3,0;0,0
Distrito Federal;Urbana;Federal;34,0;0,4;47,9;2,1;7,8;75,7;12,7;8,3;3,3;0,0
Distrito Federal;Rural;Federal;34,0;0,4;47,9;2,1;7,8;82,4;17,6;0,0;0,0;0,0
Distrito Federal;Total;Estadual;50,5;1,5;45,0;2,3;0,7;79,5;1,9;16,2;1,8;0,6
Distrito Federal;Urbana;Estadual;51,2;1,5;44,3;2,3;0,7;80,2;1,9;15,6;1,7;0,6
Distrito Federal;Rural;Estadual;40,5;1,1;54,3;2,6;1,5;63,9;3,3;29,4;3,4;0,0
Distrito Federal;Total;Privada;36,6;1,0;38,6;0,0;23,8;34,2;0,8;53,1;3,3;8,6
Distrito Federal;Urbana;Privada;36,6;1,0;38,6;0,0;23,8;34,2;0,8;53,1;3,3;8,6
Distrito Federal;Rural;Privada;34,0;0,4;47,9;2,1;7,8;54,45;0,8;36,0;2,3;2,2
Distrito Federal;Total;Pública;50,5;1,5;45,0;2,3;0,7;79,3;2,4;15,8;1,8;0,7
Distrito Federal;Urbana;Pública;51,2;1,5;44,3;2,3;0,7;80,0;2,3;15,3;1,8;0,6
Distrito Federal;Rural;Pública;40,5;1,1;54,3;2,6;1,5;65,5;4,6;26,9;3,0;0,0
;;;34,0;0,4;47,9;2,1;7,8;54,45;0,8;36,0;2,3;2,2
;;;34,0;0,4;47,9;2,1;7,8;54,45;0,8;36,0;2,3;2,2
;;;34,0;0,4;47,9;2,1;7,8;54,45;0,8;36,0;2,3;2,2
;;;34,0;0,4;47,9;2,1;7,8;54,45;0,8;36,0;2,3;2,2
;;;34,0;0,4;47,9;2,1;7,8;54,45;0,8;36,0;2,3;2,2
;;;34,0;0,4;47,9;2,1;7,8;54,45;0,8;36,0;2,3;2,2
;;;34,0;0,4;47,9;2,1;7,8;54,45;0,8;36,0;2,3;2,2
